"Treatment_Group","n_pairs","mean_pre","mean_post","median_pre","median_post","p_value_wilcox","p_value_ttest","effect_size","p_value","significance","cell_type","cell_label","category"
"TPA",31,0.0594793609424366,0.0636782555768305,0.0651660085267787,0.0569681479528401,0.594814425334334,0.500314090660707,7.05941450591165,0.594814425334334,"ns","T_cells_CD8","CD8+ T cells","adaptive"
"Placebo",29,0.0540258300159373,0.058298077334603,0.0567019156543739,0.0580801601184945,0.579281724989414,0.399507924466931,7.90778654840728,0.579281724989414,"ns","T_cells_CD8","CD8+ T cells","adaptive"
"TPA",31,0.00303174322764862,0.00683676222828095,0,0,0.2553403615339,0.175184227283705,125.505978406471,0.2553403615339,"ns","T_cells_CD4_naive","Naive CD4+ T cells","adaptive"
"Placebo",29,0.0031967574608226,0.00187183334436335,0,0,0.932646638965876,0.501155546973087,-41.4458754752797,0.932646638965876,"ns","T_cells_CD4_naive","Naive CD4+ T cells","adaptive"
"TPA",31,0.117837579019703,0.118346846698011,0.1144952222968,0.117990633802692,0.976886581629515,0.9602770479802,0.432177648713311,0.976886581629515,"ns","T_cells_CD4_memory_resting","Resting Memory CD4+ T cells","adaptive"
"Placebo",29,0.11449620505843,0.0917860356688162,0.116057327492859,0.0906444990899517,0.0431205593049526,0.0283650885452341,-19.8348664726696,0.0431205593049526,"*","T_cells_CD4_memory_resting","Resting Memory CD4+ T cells","adaptive"
"TPA",31,0.00530438827071571,0.010759746120361,0,0,0.109853514160051,0.0710851654055731,102.84612609833,0.109853514160051,"ns","T_cells_CD4_memory_activated","Activated Memory CD4+ T cells","adaptive"
"Placebo",29,0.0088070092875624,0.0081386669218852,0,0,0.67262878772777,0.808225737861459,-7.58875509102806,0.67262878772777,"ns","T_cells_CD4_memory_activated","Activated Memory CD4+ T cells","adaptive"
"TPA",31,0.064679867295035,0.0635917038226148,0.0637108731572181,0.061619163889815,0.809165561571717,0.796103983149069,-1.68238358847685,0.809165561571717,"ns","T_cells_follicular_helper","T Follicular Helper cells","adaptive"
"Placebo",29,0.0586898378678893,0.0684931819460784,0.0579518285199277,0.0609956474700256,0.110421076416969,0.0823449557814489,16.7036482538194,0.110421076416969,"ns","T_cells_follicular_helper","T Follicular Helper cells","adaptive"
"TPA",31,0.0125142150972171,0.00246913811700352,0.0075050579167014,0,0.000496732687837335,0.00144959165607864,-80.2693329320142,0.000496732687837335,"***","T_cells_regulatory_Tregs","Regulatory T cells","adaptive"
"Placebo",29,0.0108683617725487,0.00412262496420538,0.00711043234454032,0,0.00141319093004105,0.000835536103705104,-62.0676505762046,0.00141319093004105,"**","T_cells_regulatory_Tregs","Regulatory T cells","adaptive"
"TPA",31,0.0510453166468653,0.0585115031753329,0.0493417296881166,0.0583645815587681,0.111049959436059,0.149290561016267,14.6265848052608,0.111049959436059,"ns","B_cells_naive","Naive B cells","adaptive"
"Placebo",29,0.0602854076297625,0.053935120534684,0.0470436601370425,0.0430097302474313,0.346684567630291,0.181466060763139,-10.5337051614186,0.346684567630291,"ns","B_cells_naive","Naive B cells","adaptive"
"TPA",31,0.017011045799623,0.0126622392584749,0.00677450813242831,0,0.360375187544933,0.41160127047432,-25.5646042716817,0.360375187544933,"ns","B_cells_memory","Memory B cells","adaptive"
"Placebo",29,0.0157339633092162,0.0156407991657588,0,0,0.344306074987498,0.989372921944936,-0.592121270569069,0.344306074987498,"ns","B_cells_memory","Memory B cells","adaptive"
"TPA",31,0.064493663440664,0.0613794930494166,0.0531767537575056,0.0574027458547687,0.930735064670443,0.654094060579996,-4.82864552129615,0.930735064670443,"ns","Plasma_cells","Plasma cells","adaptive"
"Placebo",29,0.0783512888971968,0.0629046530919604,0.0767300674253214,0.0566198555687239,0.256007920950651,0.0929816111235618,-19.7145905608568,0.256007920950651,"ns","Plasma_cells","Plasma cells","adaptive"
"TPA",31,0.00820391159900914,0.0028901602149475,0.000853981965339348,0,0.0263463467447607,0.0473349093707173,-64.7709488325476,0.0263463467447607,"*","NK_cells_resting","Resting NK cells","innate"
"Placebo",29,0.00988147719469582,0.004060555168236,0,0,0.0437723237630412,0.0405390020503794,-58.9074073822119,0.0437723237630412,"*","NK_cells_resting","Resting NK cells","innate"
"TPA",31,0.0238457134044432,0.0353294192389469,0.0244167284993769,0.0377884299139871,0.0393561655655503,0.0362918715699261,48.1583655717503,0.0393561655655503,"*","NK_cells_activated","Activated NK cells","innate"
"Placebo",29,0.0155506171898487,0.0313471739286501,0.00501357027854658,0.031918058899781,0.00100019924257421,0.000468868035808678,101.58154204396,0.00100019924257421,"**","NK_cells_activated","Activated NK cells","innate"
"TPA",31,0.00690209555888472,0.0052875941360786,0.00394934778084934,0.00301342880370125,0.741259697119932,0.298667484927104,-23.3914672584887,0.741259697119932,"ns","Monocytes","Monocytes","innate"
"Placebo",29,0.00448927334099366,0.00632697685361567,0,0,0.0975530937032685,0.447565039691421,40.9354337113108,0.0975530937032685,".","Monocytes","Monocytes","innate"
"TPA",31,0.105249183104229,0.0978965636811153,0.0996932610139678,0.103738185898014,0.327149596065283,0.519194121750304,-6.98591590571504,0.327149596065283,"ns","Macrophages_M0","M0 Macrophages","innate"
"Placebo",29,0.10077003005028,0.12469252807246,0.0981221034281983,0.112587096977122,0.454878509044647,0.196359574872301,23.7396952350253,0.454878509044647,"ns","Macrophages_M0","M0 Macrophages","innate"
"TPA",31,0.036742847749982,0.0338434112722915,0.0309534065378172,0.029863639317328,0.356962121091783,0.29216984756453,-7.89115883836716,0.356962121091783,"ns","Macrophages_M1","M1 Macrophages","innate"
"Placebo",29,0.0336175788601016,0.0331905393378773,0.0294856839155549,0.0289681800728849,0.701328847557306,0.843459903220186,-1.27028637012047,0.701328847557306,"ns","Macrophages_M1","M1 Macrophages","innate"
"TPA",31,0.222098944009862,0.20331361767136,0.222288363859145,0.21104807124431,0.0246456209570169,0.0111628794227339,-8.45808899373625,0.0246456209570169,"*","Macrophages_M2","M2 Macrophages","innate"
"Placebo",29,0.234127564977317,0.220643238992342,0.239982231353591,0.22319623002195,0.335733715444803,0.210077321506743,-5.75939274227734,0.335733715444803,"ns","Macrophages_M2","M2 Macrophages","innate"
"TPA",31,0.0113039158830307,0.0102744875345992,0.00954920858838696,0.00703352136673854,0.387078282608515,0.615247131485886,-9.10682951893488,0.387078282608515,"ns","Dendritic_cells_resting","Resting Dendritic cells","innate"
"Placebo",29,0.0116186539654192,0.0101626404888562,0.00810552191271197,0.00488910321624612,0.34262698961062,0.587280144849501,-12.5316881017074,0.34262698961062,"ns","Dendritic_cells_resting","Resting Dendritic cells","innate"
"TPA",31,0.00259196009611235,0.00068328489927926,0,0,0.102917539402853,0.104302680341852,-73.6382940345374,0.102917539402853,"ns","Dendritic_cells_activated","Activated Dendritic cells","innate"
"Placebo",29,0.000477849175642887,0.000553507647516512,0,0,0.905695442034309,0.873091863500887,15.8331280517196,0.905695442034309,"ns","Dendritic_cells_activated","Activated Dendritic cells","innate"
"TPA",31,0.0970289428221817,0.0531681206387475,0.0984025632602785,0.0393415823525309,0.00793642896747733,0.00467428228301062,-45.2038545486525,0.00793642896747733,"**","Mast_cells_resting","Resting Mast cells","innate"
"Placebo",29,0.0817637710361497,0.0410084471404299,0.0617259775111819,0.00447764965012038,0.00854558053412826,0.0067408295965183,-49.8452106345497,0.00854558053412826,"**","Mast_cells_resting","Resting Mast cells","innate"
"TPA",31,0.0798067032052184,0.146280697501992,0.0809940727272541,0.13112716800646,5.6132674217224e-05,0.000207444484463612,83.2937480525157,5.6132674217224e-05,"***","Mast_cells_activated","Activated Mast cells","innate"
"Placebo",29,0.0870824942540652,0.150793691987902,0.0889960483236588,0.137495174648389,1.38096511363983e-05,2.19091192927006e-05,73.161888941717,1.38096511363983e-05,"***","Mast_cells_activated","Activated Mast cells","innate"
"TPA",31,0.000836660730123407,0.000586038918905387,0,0,1,0.810738439987428,-29.9550106984288,1,"ns","Eosinophils","Eosinophils","innate"
"Placebo",29,0.000747207774409312,0.00145630964190871,0,0,0.504903176723131,0.4106171542669,94.9002261198321,0.504903176723131,"ns","Eosinophils","Eosinophils","innate"
"TPA",31,0.00631061311571853,0.00652129076756161,0.00449494816993206,0,0.493762736661269,0.93704983886123,3.33846566062364,0.493762736661269,"ns","Neutrophils","Neutrophils","innate"
"Placebo",29,0.00405504664623884,0.00436552113021389,0.00275527211144161,0.00149021466320964,0.47699540097961,0.832314083631169,7.65649599279019,0.47699540097961,"ns","Neutrophils","Neutrophils","innate"
